"Status","Start Time","Stop Time","Duration in ms","Parent Suite","Suite","Sub Suite","Test Class","Test Method","Name","Description"
"passed","Fri Feb 20 20:20:42 UTC 2026","Fri Feb 20 20:20:45 UTC 2026","3639","","#8 - Transferência [API]","","com.vemser.dbcbank.tests.transferencia.TransferenciaTest","testNaoDeveTransferirComSaldoInsuficiente","#8 [CTA-004] Não deve validar transferência com saldo insuficiente","Verifica se o sistema valida bloqueio de transferência com saldo insuficiente"
"failed","Fri Feb 20 20:16:19 UTC 2026","Fri Feb 20 20:16:45 UTC 2026","26346","","#12 - Chave Pix [API] - Post","","com.vemser.dbcbank.tests.chavePix.PostChavePixTest","testDeveCadastrar5ChavesPixDeTiposDiferentes","#12 [CTA-005]: Cadastrar 5 chaves Pix de tipos diferentes","Deve cadastrar 5 chaves Pix: cpf, email, telefone e 2 aleatórias"
"passed","Fri Feb 20 20:34:46 UTC 2026","Fri Feb 20 20:34:59 UTC 2026","13126","","#12 - Chave Pix [API] - Post","","com.vemser.dbcbank.tests.chavePix.PostChavePixTest","testDeveValidarFormatoDaChavePixAleatoria","#12 [CTA-011]: Validar formato da chave Pix aleatória","Validar formato da chave Pix aleatória (UUID)"
"passed","Fri Feb 20 20:23:24 UTC 2026","Fri Feb 20 20:23:46 UTC 2026","21969","","#7 - Depósito [API] - POST","","com.vemser.dbcbank.tests.deposito.PostDepositoTest","testNaoDeveRealizarDepositoComNumeroDaContaVazio","#7 [CTA-003] Não deve realizar depósito com número da conta vazio via API","Verifica se o sistema está rejeitando depósitos com o campo Numero da conta vazio"
"passed","Fri Feb 20 20:27:01 UTC 2026","Fri Feb 20 20:27:13 UTC 2026","12623","","#4 - Trocar senha [API] - POST","","com.vemser.dbcbank.tests.trocarSenha.PostTrocaSenhaTest","testNaoDeveAlterarSenhaComDadosUsuario","#4 [CTA-005] Tentar alterar senha informando uma nova senha contendo dados do usuário","Verifica se o sistema impede a alteração de senha quando informado uma nova senha com dados pessoais do usuário"
"passed","Fri Feb 20 20:32:21 UTC 2026","Fri Feb 20 20:32:30 UTC 2026","8823","","#3 - Recuperação de Senha [API] - POST","","com.vemser.dbcbank.tests.recuperarSenha.PostRecuperarSenhaTest","testDeveRealizarRecuperacaoDeSenhaComTokenDeRecuperacaoValidoEComSenhaEConfirmacaoDeSenhaIguais","#3 [CTA-006] Deve realizar recuperação de senha com token de recuperação válido e com senha e confirmação de senha idênticos","Verifica se o sistema realiza a recuperação de senha quando as credencias estão validas"
"passed","Fri Feb 20 20:25:06 UTC 2026","Fri Feb 20 20:25:19 UTC 2026","12802","","#7 - Depósito [API] - POST","","com.vemser.dbcbank.tests.deposito.PostDepositoTest","testNaoDeveRealizarDepositoComValorMenorQueZero","#7 [CTA-011] Não deve realizar depósito se o valor informado for menor do que 0","Verifica se o API está barrando depósitos em que o valor informado é menor que 0"
"passed","Fri Feb 20 20:15:34 UTC 2026","Fri Feb 20 20:15:47 UTC 2026","12271","","#12 - Chave Pix [API] - Post","","com.vemser.dbcbank.tests.chavePix.PostChavePixTest","testDeveCriarChavePixEmailComSucesso","#12 [CTA-003]: Criar chave Pix por Email com sucesso","Deve criar chave Pix do tipo Email com sucesso"
"passed","Fri Feb 20 20:16:45 UTC 2026","Fri Feb 20 20:16:57 UTC 2026","12251","","#12 - Chave Pix [API] - Post","","com.vemser.dbcbank.tests.chavePix.PostChavePixTest","testDeveCriarChavePixAleatoriaComSucesso","#12 [CTA-001]: Criar chave Pix aleatória com sucesso","Deve criar chave Pix aleatória com sucesso"
"failed","Fri Feb 20 20:20:45 UTC 2026","Fri Feb 20 20:20:46 UTC 2026","813","","#10 - Limite de transações [API] - POST","","com.vemser.dbcbank.tests.limiteTransacoes.PostLimiteTransacaoTest","testNaoDeveAlterarLimiteDiarioComSenhaTransacionalInvalida","#10 [CTA-006] Alterar limite com senha transacional inválida","O objetivo deste teste é validar que o sistema não permite alterar o limite diário de transações quando a senha transacional fornecida é inválida, garantindo a segurança das operações financeiras."
"passed","Fri Feb 20 20:31:22 UTC 2026","Fri Feb 20 20:31:26 UTC 2026","3784","","com.vemser.dbcbank.tests.transferenciaPix.PostTransferenciaPixTest","","com.vemser.dbcbank.tests.transferenciaPix.PostTransferenciaPixTest","testNaoDeveTransferirPixComChaveVazia","#9 [CTA-002] Não deve realizar transferência por PIX com chave pix vazia","Não deve realizar transferência por PIX com chave pix vazia"
"failed","Fri Feb 20 20:28:56 UTC 2026","Fri Feb 20 20:29:29 UTC 2026","32527","","com.vemser.dbcbank.tests.historicoTransacao.GetHistoricoTransacaoTest","","com.vemser.dbcbank.tests.historicoTransacao.GetHistoricoTransacaoTest","testDeveFiltrarHistoricoPorPeriodoDeDatas","#11 [CTA-005] Filtrar histórico por período de datas","Verifica se o filtro de data inicial e final retorna apenas registros no intervalo."
"passed","Fri Feb 20 20:26:14 UTC 2026","Fri Feb 20 20:26:25 UTC 2026","11496","","#4 - Trocar senha [API] - POST","","com.vemser.dbcbank.tests.trocarSenha.PostTrocaSenhaTest","testNaoDeveTrocarSenhaInformandoSenhaAtualIncorreta","#4 [CTA-001] Tentar alterar senha informando senha atual incorreta","Verifica se o sistema impede a alteração de senha quando informado a atual senha incorreta"
"failed","Fri Feb 20 20:20:46 UTC 2026","Fri Feb 20 20:20:47 UTC 2026","379","","#10 - Limite de transações [API] - GET","","com.vemser.dbcbank.tests.limiteTransacoes.GetLimiteTransacaoTest","testNaoDeveConsultarLimiteDiarioSemAutenticacao","#10 [CTA-002] Consultar limite diário sem autenticação","Verificar se o sistema impede usuários sem autenticação de acessar informações protegidas."
"passed","Fri Feb 20 20:15:01 UTC 2026","Fri Feb 20 20:15:01 UTC 2026","16","","#8 - Transferência [API]","","com.vemser.dbcbank.tests.transferencia.TransferenciaTest","testValidarContratoEnvio","#8 [CTA-011] Deve validar o Contrato do Payload de Envio","Verifica se o contrato de request é respeitado na requisição"
"passed","Fri Feb 20 20:25:30 UTC 2026","Fri Feb 20 20:25:30 UTC 2026","394","","#6 - Dados Sociais [API] - PATCH","","com.vemser.dbcbank.tests.dadosSociais.PatchDadosSociaisTest","testNaoDeveAtualizarDadosSociaisSemAutenticacao","#6 [CTA-007]: Tentar atualizar dados sem autenticação","Não deve permitir atualizar dados sociais quando não está autenticado"
"passed","Fri Feb 20 20:34:04 UTC 2026","Fri Feb 20 20:34:04 UTC 2026","378","","#1 - Abrir Conta [API] - POST","","com.vemser.dbcbank.tests.abrirConta.AbrirContaTest","testNaoDeveAbrirContaComSenhaCurta","#1 [CTA-004] Não deve abrir conta com senha curta","Verifica se o sistema permite a criação de conta quando é informado uma senha curta"
"passed","Fri Feb 20 20:32:05 UTC 2026","Fri Feb 20 20:32:12 UTC 2026","7358","","com.vemser.dbcbank.tests.transferenciaPix.PostTransferenciaPixTest","","com.vemser.dbcbank.tests.transferenciaPix.PostTransferenciaPixTest","testDevePermitirTransferenciaPixComDescricaoVazia","#9 [CTA-008] Deve permitir transferência por PIX sem descrição","Deve permitir transferência por PIX com descrição vazia"
"passed","Fri Feb 20 20:32:37 UTC 2026","Fri Feb 20 20:32:40 UTC 2026","3730","","#3 - Recuperação de Senha [API] - POST","","com.vemser.dbcbank.tests.recuperarSenha.PostRecuperarSenhaTest","testDeveRealizarRecuperacaoDeSenhaComEmailValido","#3 [CTA-001] Deve realizar recuperação de senha com e-mail válido","Verifica se o sistema realiza a recuperação de senha quando informado um email valido"
"failed","Fri Feb 20 20:20:46 UTC 2026","Fri Feb 20 20:20:46 UTC 2026","397","","#10 - Limite de transações [API] - POST","","com.vemser.dbcbank.tests.limiteTransacoes.PostLimiteTransacaoTest","testNaoDeveDefinirLimiteDiarioIgualAZero","#10 [CTA-004] Definir limite diário igual a zero","O objetivo deste teste é verificar se o sistema impede a definição de um limite diário igual a zero."
"passed","Fri Feb 20 20:32:12 UTC 2026","Fri Feb 20 20:32:14 UTC 2026","1722","","com.vemser.dbcbank.tests.transferenciaPix.PostTransferenciaPixTest","","com.vemser.dbcbank.tests.transferenciaPix.PostTransferenciaPixTest","testNaoDeveTransferirPixComAmountFormatoInvalido","#9 [CTA-007] Não deve realizar transferência por PIX com amount em formato inválido","Não deve realizar transferência por PIX com amount em formato inválido"
"passed","Fri Feb 20 20:15:57 UTC 2026","Fri Feb 20 20:16:07 UTC 2026","9672","","#12 - Chave Pix [API] - Post","","com.vemser.dbcbank.tests.chavePix.PostChavePixTest","testNaoDeveCriarChavePixComTipoInvalido","#12 [CTA-014]: Não deve criar chave pix com tipo inválido","Não deve criar chave Pix com tipo inválido"
"passed","Fri Feb 20 20:34:35 UTC 2026","Fri Feb 20 20:34:46 UTC 2026","10763","","#12 - Chave Pix [API] - Delete","","com.vemser.dbcbank.tests.chavePix.DeleteChavePixTest","testNaoDevePermitirExcluirChavePixInexistente","#12 [CTA-013]: Não deve permitir exclusão de chave Pix inexistente","Não deve permitir exclusão de chave Pix inexistente"
"passed","Fri Feb 20 20:22:01 UTC 2026","Fri Feb 20 20:22:46 UTC 2026","44707","","#7 - Depósito [API] - POST","","com.vemser.dbcbank.tests.deposito.PostDepositoTest","testNaoDeveRealizarDepositoComCPFCadastradoNaoAssociadoAConta","#7 [CTA-006] Não deve realizar depósito com CPF cadastrado porém não associado à conta via API","Verifica se a API barra transações em que o CPF digitado e a conta não estão associados"
"passed","Fri Feb 20 20:25:19 UTC 2026","Fri Feb 20 20:25:29 UTC 2026","10233","","#7 - Depósito [API] - POST","","com.vemser.dbcbank.tests.deposito.PostDepositoTest","testNaoDeveRealizarDepositoComNumeroDaContaDigitadoNoFormatoInvalido","#7 [CTA-007] Não deve realizar depósito com número da conta digitado no formato errado","Verifica se a API barra depósito em que o número da conta é digitado no formato inválido"
"passed","Fri Feb 20 20:15:47 UTC 2026","Fri Feb 20 20:15:57 UTC 2026","10299","","#12 - Chave Pix [API] - Post","","com.vemser.dbcbank.tests.chavePix.PostChavePixTest","testNaoDeveCriarChavePixSemTipo","#12 [CTA-015]: Não deve criar chave pix sem tipo","Não deve criar chave Pix sem informar tipo"
"passed","Fri Feb 20 20:34:04 UTC 2026","Fri Feb 20 20:34:04 UTC 2026","391","","#1 - Abrir Conta [API] - POST","","com.vemser.dbcbank.tests.abrirConta.AbrirContaTest","testNaoDeveAbrirContaComSenhaFraca","#1 [CTA-005] Não deve abrir conta com senha fraca","Verifica se o sistema permite a criação de conta quando a senha informada é considerada fraca"
"passed","Fri Feb 20 20:24:54 UTC 2026","Fri Feb 20 20:25:06 UTC 2026","11987","","#7 - Depósito [API] - POST","","com.vemser.dbcbank.tests.deposito.PostDepositoTest","testNaoDeveRealizarDepositoComValorDoDepositoIgualAZero","#7 [CTA-004] Não deve realizar depósito com valor do depósito igual a zero","Verifica se o sistema está rejeitando depósitos com o campo valor do depósito igual a zero"
"failed","Fri Feb 20 20:15:02 UTC 2026","Fri Feb 20 20:15:02 UTC 2026","395","","#10 - Limite de transações [API] - GET","","com.vemser.dbcbank.tests.limiteTransacoes.GetLimiteTransacaoTest","testDeveConsultarLimiteDiarioComSucesso","#10 [CTA-001] Consultar limite diário com sucesso","Verificar se é possível consultar o limite diário de transações com sucesso, utilizando um token válido."
"passed","Fri Feb 20 20:15:02 UTC 2026","Fri Feb 20 20:15:18 UTC 2026","16547","","#7 - Depósito [API] - POST","","com.vemser.dbcbank.tests.deposito.PostDepositoTest","testDeveRetornarOCorpoDaRespostaConformeOContratoDefinido","#7 [CTA-014] Deve retornar o corpo da resposta conforme o contrato definido","Verifica se o corpo da resposta da API está retornando de acordo com o contrato"
"passed","Fri Feb 20 20:34:04 UTC 2026","Fri Feb 20 20:34:19 UTC 2026","14578","","#12 - Chave Pix [API] - Get","","com.vemser.dbcbank.tests.chavePix.GetChavePixTest","testDeveConsultarChavesPixCadastradas","#12 [CTA-007]: Deve consultar chaves Pix cadastradas","Deve consultar chaves Pix cadastradas"
"failed","Fri Feb 20 20:32:57 UTC 2026","Fri Feb 20 20:33:20 UTC 2026","23444","","#2 - Login [API] - POST","","com.vemser.dbcbank.tests.login.PostLoginTest","testDeveBloquearCPFApos3TentativasFracassadas","#2 [CTA-008] Deve bloquear CPF após 3 tentativas fracassadas","Verifica se o sistema bloqueia o usuário após 3 tentativas incorretas"
"passed","Fri Feb 20 20:17:41 UTC 2026","Fri Feb 20 20:17:41 UTC 2026","6","","#8 - Transferência [API]","","com.vemser.dbcbank.tests.transferencia.TransferenciaTest","testNaoDeveTransferirDiaNaoUtil","#8 [CTA-008] Não deve realizar transferência em dia não útil","Valida o bloqueio de transferência em dia não útil"
"passed","Fri Feb 20 20:17:29 UTC 2026","Fri Feb 20 20:17:32 UTC 2026","2906","","#8 - Transferência [API]","","com.vemser.dbcbank.tests.transferencia.TransferenciaTest","testNaoDeveTransferirValorInvalido","#8 [CTA-009] Não deve realizar transferência com valor zero ou negativo","Verifica se o sistema aplica bloqueio de transferência com valor nulo ou negativo"
"passed","Fri Feb 20 20:16:07 UTC 2026","Fri Feb 20 20:16:19 UTC 2026","12311","","#12 - Chave Pix [API] - Post","","com.vemser.dbcbank.tests.chavePix.PostChavePixTest","testDeveCriarChavePixTelefoneComSucesso","#12 [CTA-004]: Criar chave Pix por Telefone com sucesso","Deve criar chave Pix do tipo Telefone com sucesso"
"passed","Fri Feb 20 20:31:36 UTC 2026","Fri Feb 20 20:31:46 UTC 2026","10328","","com.vemser.dbcbank.tests.transferenciaPix.PostTransferenciaPixTest","","com.vemser.dbcbank.tests.transferenciaPix.PostTransferenciaPixTest","testNaoDeveTransferirPixComTransactionPwdApenasZero","#9 [CTA-009] Não deve realizar transferência por PIX com transactionPwd apenas com zero","Não deve realizar transferência por PIX com transactionPwd apenas com zero"
"passed","Fri Feb 20 20:32:14 UTC 2026","Fri Feb 20 20:32:15 UTC 2026","806","","#3 - Recuperação de Senha [API] - POST","","com.vemser.dbcbank.tests.recuperarSenha.PostRecuperarSenhaTest","testNaoDeveRealizarRecuperacaoDeSenhaComTokenDeRecuperacaoInvalidoEComSenhaEConfirmacaoDeSenhaDiferentes","#3 [CTA-009] Não deve realizar recuperação de senha com token de recuperação inválido e com senha e confirmação de senha diferentes","Verifica se o sistema impede a recuperação de senha quando o token estiver invalido e as senhas divergentes"
"passed","Fri Feb 20 20:31:20 UTC 2026","Fri Feb 20 20:31:22 UTC 2026","2395","","com.vemser.dbcbank.tests.transferenciaPix.PostTransferenciaPixTest","","com.vemser.dbcbank.tests.transferenciaPix.PostTransferenciaPixTest","testNaoDeveTransferirPixSemDestinationKey","#9 [CTA-003] Não deve realizar transferência por PIX sem enviar destinationKey","Não deve realizar transferência por PIX sem enviar destinationKey"
"passed","Fri Feb 20 20:21:39 UTC 2026","Fri Feb 20 20:22:01 UTC 2026","21350","","#7 - Depósito [API] - POST","","com.vemser.dbcbank.tests.deposito.PostDepositoTest","testNaoDeveRealizarDepositoComCPFVazio","#7 [CTA-002] Não deve realizar depósito com CPF vazio","Verifica se o sistema está rejeitando depósitos com o campo CPF vazio"
"passed","Fri Feb 20 20:31:51 UTC 2026","Fri Feb 20 20:31:57 UTC 2026","6678","","com.vemser.dbcbank.tests.transferenciaPix.PostTransferenciaPixTest","","com.vemser.dbcbank.tests.transferenciaPix.PostTransferenciaPixTest","testDeveRealizarTransferenciaPixComSucesso","#9 [CTA-001] Deve realizar transferência por PIX com sucesso","Deve realizar transferência por PIX com sucesso"
"passed","Fri Feb 20 20:22:46 UTC 2026","Fri Feb 20 20:23:24 UTC 2026","38476","","#7 - Depósito [API] - POST","","com.vemser.dbcbank.tests.deposito.PostDepositoTest","testNaoDeveRealizarDepositoSeASenhaEstiverIncorreta","#7 [CTA-005] Não deve realizar depósito com senha incorreta via API","Verifica se o sistema está barrando o depósito se a senha estiver incorreta"
"failed","Fri Feb 20 20:30:55 UTC 2026","Fri Feb 20 20:31:13 UTC 2026","18174","","com.vemser.dbcbank.tests.historicoTransacao.GetHistoricoTransacaoTest","","com.vemser.dbcbank.tests.historicoTransacao.GetHistoricoTransacaoTest","testDeveExibirDescricaoQuandoExistente","#11 [CTA-003/004] Exibir descrição da transação quando informada","Verifica se o campo description é retornado corretamente quando preenchido."
"failed","Fri Feb 20 20:24:28 UTC 2026","Fri Feb 20 20:24:39 UTC 2026","11583","","#7 - Depósito [API] - POST","","com.vemser.dbcbank.tests.deposito.PostDepositoTest","testNaoDeveRealizarDepositoSemAutenticacao","#7 [CTA-010] Não deve realizar depósito sem autenticação via API","Verifica se a API barra depósito no qual a requisição é feita sem autenticação"
"passed","Fri Feb 20 20:32:40 UTC 2026","Fri Feb 20 20:32:41 UTC 2026","565","","#3 - Recuperação de Senha [API] - POST","","com.vemser.dbcbank.tests.recuperarSenha.PostRecuperarSenhaTest","testNaoDeveRealizarRecuperacaoDeSenhaComEmailInvalido","#3 [CTA-002] Não deve realizar recuperação de senha com e-mail inválido","Verifica se o sistema impede a recuperação de senha quando informado um email inválido"
"passed","Fri Feb 20 20:32:15 UTC 2026","Fri Feb 20 20:32:21 UTC 2026","6419","","#3 - Recuperação de Senha [API] - POST","","com.vemser.dbcbank.tests.recuperarSenha.PostRecuperarSenhaTest","testNaoDeveRealizarRecuperacaoDeSenhaComTokenDeRecuperacaoInvalidoEComSenhaEConfirmacaoDeSenhaIdenticos","#3 [CTA-008] Não deve realizar recuperação de senha com token de recuperação inválido e com senha e confirmação de senha idênticos","Verifica se o sistema impede a recuperação de senha quando o token estiver inválido e os demais campos estiverem corretos "
"passed","Fri Feb 20 20:25:54 UTC 2026","Fri Feb 20 20:26:04 UTC 2026","10018","","#4 - Trocar senha [API] - POST","","com.vemser.dbcbank.tests.trocarSenha.PostTrocaSenhaTest","testNaoDeveAlterarSenhaComMaisDe16Caracteres","#4 [CTA-003] Tentar alterar senha informando uma nova senha com mais de 16 caracteres","Verifica se o sistema impede a alteração de senha quando informado uma nova senha com mais de 16 caracteres"
"passed","Fri Feb 20 20:24:39 UTC 2026","Fri Feb 20 20:24:54 UTC 2026","15022","","#7 - Depósito [API] - POST","","com.vemser.dbcbank.tests.deposito.PostDepositoTest","testNaoDeveRealizarDepositoComValorQueUltrapasse50000","#7 [CTA-008] Não deve realizar depósito se o saldo limite ultrapassar 50.000 na conclusão do depósito.","Verifica se a API barra depósito no qual o saldo vai ultrapassar o limite de 50.000"
"passed","Fri Feb 20 20:19:05 UTC 2026","Fri Feb 20 20:19:36 UTC 2026","31341","","#8 - Transferência [API]","","com.vemser.dbcbank.tests.transferencia.TransferenciaTest","testDeveRealizarTransferenciaComSucesso","#8 [CTA-001] Deve validar transferência com sucesso e aplicação de tarifa fixa","Valida a realização de transferência e a aplicação correta da tarifa fixa do banco"
"passed","Fri Feb 20 20:33:59 UTC 2026","Fri Feb 20 20:34:03 UTC 2026","4026","","#1 - Abrir Conta [API] - POST","","com.vemser.dbcbank.tests.abrirConta.AbrirContaTest","testDeveAbrirContaComDadosValidos","#1 [CTA-001] Deve abrir conta com dados válidos","Verifica se o sistema permite a criação de conta quando todos os dados obrigatórios são enviados corretamente"
"passed","Fri Feb 20 20:33:20 UTC 2026","Fri Feb 20 20:33:29 UTC 2026","8928","","#2 - Login [API] - POST","","com.vemser.dbcbank.tests.login.PostLoginTest","testDeveRealizarLoginComSucesso","#2 [CTA-001] Deve realizar login com sucesso","Verifica se o sistema realiza login com sucesso quando todas as credencias estão validas"
"passed","Fri Feb 20 20:19:48 UTC 2026","Fri Feb 20 20:20:29 UTC 2026","41115","","#8 - Transferência [API]","","com.vemser.dbcbank.tests.transferencia.TransferenciaTest","testDeveAtualizarSaldoPosTransferencia","#8 [CTA-002] Deve atualizar saldo após transferência realizada com sucesso","Verifica se o sistema atualiza o saldo do usuário corretamente"
"passed","Fri Feb 20 20:25:29 UTC 2026","Fri Feb 20 20:25:30 UTC 2026","419","","#6 - Dados Sociais [API] - PATCH","","com.vemser.dbcbank.tests.dadosSociais.PatchDadosSociaisTest","testNaoDeveAtualizarDadosSociaisComTokenInvalido","#6 [CTA-008]: Tentar atualizar dados com token inválido","Não deve permitir atualizar dados sociais quando o token for considerado inválido"
"passed","Fri Feb 20 20:34:59 UTC 2026","Fri Feb 20 20:35:09 UTC 2026","9989","","#12 - Chave Pix [API] - Post","","com.vemser.dbcbank.tests.chavePix.PostChavePixTest","testNaoDevePermitirCadastroDeChavePixComTelefoneInvalido","#12 [CTA-010]: Não permitir cadastro de chave Pix com telefone inválido","Não permitir cadastro de chave Pix com telefone inválido (na prática: tipo inválido)"
"passed","Fri Feb 20 20:34:03 UTC 2026","Fri Feb 20 20:34:04 UTC 2026","383","","#1 - Abrir Conta [API] - POST","","com.vemser.dbcbank.tests.abrirConta.AbrirContaTest","testNaoDeveAbrirContaComSenhasDiferentes","#1 [CTA-006] Não deve abrir conta com senhas diferentes","Verifica se o sistema permite a criação de conta quando é informado senhas diferentes no cadastro"
"passed","Fri Feb 20 20:31:33 UTC 2026","Fri Feb 20 20:31:36 UTC 2026","2371","","com.vemser.dbcbank.tests.transferenciaPix.PostTransferenciaPixTest","","com.vemser.dbcbank.tests.transferenciaPix.PostTransferenciaPixTest","testNaoDeveTransferirPixComValorNegativo","#9 [CTA-006] Não deve realizar transferência por PIX com valor negativo","Não deve realizar transferência por PIX com valor negativo"
"passed","Fri Feb 20 20:26:04 UTC 2026","Fri Feb 20 20:26:14 UTC 2026","9999","","#4 - Trocar senha [API] - POST","","com.vemser.dbcbank.tests.trocarSenha.PostTrocaSenhaTest","testNaoDeveAlterarSenhaComNovaSenhaSemCaracteresObrigatorios","#4 [CTA-004] Tentar alterar senha informando uma nova senha sem os caracteres obrigatórios","Verifica se o sistema impede a alteração de senha quando informado uma nova senha sem os caracteres especiais"
"passed","Fri Feb 20 20:18:13 UTC 2026","Fri Feb 20 20:18:15 UTC 2026","2393","","#8 - Transferência [API]","","com.vemser.dbcbank.tests.transferencia.TransferenciaTest","testNaoDeveTransferirCamposAusentes","#8 [CTA-007] Não deve realizar transferência com campos obrigatórios ausentes","Valida o bloqueio de transferência com campos obrigatórios ausentes"
"passed","Fri Feb 20 20:25:30 UTC 2026","Fri Feb 20 20:25:41 UTC 2026","11044","","#5 - Perfil [API] - PATCH","","com.vemser.dbcbank.tests.editarPerfil.PatchDadosPerfilTest","naoDeveAtualizarComIdadeMenorQue18Anos","#5 [CTA-006] Não deve atualizar com idade menor que 18 anos","Verifica se o sistema permite a atualização de idade para uma inferior a 18 anos"
"failed","Fri Feb 20 20:30:18 UTC 2026","Fri Feb 20 20:30:35 UTC 2026","17556","","com.vemser.dbcbank.tests.historicoTransacao.GetHistoricoTransacaoTest","","com.vemser.dbcbank.tests.historicoTransacao.GetHistoricoTransacaoTest","testNaoDeveConsultarHistoricoSemAutenticacao","#11 [CTA-008] Consultar histórico sem autenticação","Verificar se o sistema impede usuários sem autenticação de acessar o histórico de transações."
"failed","Fri Feb 20 20:28:05 UTC 2026","Fri Feb 20 20:28:56 UTC 2026","51250","","com.vemser.dbcbank.tests.historicoTransacao.GetHistoricoTransacaoTest","","com.vemser.dbcbank.tests.historicoTransacao.GetHistoricoTransacaoTest","testDeveVisualizarHistoricoCompleto","#11 [CTA-001] Visualizar histórico completo","Verifica se o usuário consegue visualizar o histórico completo."
"failed","Fri Feb 20 20:33:30 UTC 2026","Fri Feb 20 20:33:59 UTC 2026","28437","","#2 - Login [API] - POST","","com.vemser.dbcbank.tests.login.PostLoginTest","testNaoDeveRealizarLoginComCUsuarioBloqueado","#2 [CTA-009] Não deve realizar login de um usuário bloqueado","Verifica se o sistema não realiza login quando o usuário está bloqueado"
"passed","Fri Feb 20 20:32:52 UTC 2026","Fri Feb 20 20:32:57 UTC 2026","4942","","#2 - Login [API] - POST","","com.vemser.dbcbank.tests.login.PostLoginTest","testNaoDeveRealizarLoginComSenhaInvalida","#2 [CTA-005] Não deve realizar login com senha inválida","Verifica se o sistema não realiza login quando a senha está em formato inválido"
"passed","Fri Feb 20 20:34:19 UTC 2026","Fri Feb 20 20:34:35 UTC 2026","16508","","#12 - Chave Pix [API] - Delete","","com.vemser.dbcbank.tests.chavePix.DeleteChavePixTest","testDeveExcluirChavePixComSucesso","#12 [CTA-012]: Deve excluir chave Pix com sucesso","Deve excluir chave Pix com sucesso"
"passed","Fri Feb 20 20:15:18 UTC 2026","Fri Feb 20 20:15:34 UTC 2026","15822","","#7 - Depósito [API] - POST","","com.vemser.dbcbank.tests.deposito.PostDepositoTest","testDeveAceitarOCorpoDaRequisicaoConformeOContratoDefinido","#7 [CTA-015] Deve aceitar o corpo da requisição conforme o contrato definido","Verifica se a API está aceitando a requisição corretamente"
"passed","Fri Feb 20 20:34:03 UTC 2026","Fri Feb 20 20:34:03 UTC 2026","385","","#1 - Abrir Conta [API] - POST","","com.vemser.dbcbank.tests.abrirConta.AbrirContaTest","testNaoDeveAbrirContaSemTermoDeConsentimento","#1 [CTA-007] Não deve abrir conta sem termo de consentimento","Verifica se o sistema permite a criação de conta quando o usuário não assina o termo de consentimento"
"passed","Fri Feb 20 20:20:47 UTC 2026","Fri Feb 20 20:21:39 UTC 2026","52588","","#7 - Depósito [API] - POST","","com.vemser.dbcbank.tests.deposito.PostDepositoTest","testDeveRealizarDepositoComSucesso","#7 [CTA-001]: Depósito realizado com sucesso","Deve realizar o depósito com sucesso"
"passed","Fri Feb 20 20:25:41 UTC 2026","Fri Feb 20 20:25:54 UTC 2026","12544","","#4 - Trocar senha [API] - POST","","com.vemser.dbcbank.tests.trocarSenha.PostTrocaSenhaTest","testDeveAlterarSenhaComSucesso","#4 [CTA-010] Alterar senha com sucesso seguindo todos os critérios","Verifica se o sistema permite a alteração de senha com todas os dados de forma válida"
"passed","Fri Feb 20 20:31:59 UTC 2026","Fri Feb 20 20:32:05 UTC 2026","5371","","com.vemser.dbcbank.tests.transferenciaPix.PostTransferenciaPixTest","","com.vemser.dbcbank.tests.transferenciaPix.PostTransferenciaPixTest","testNaoDeveTransferirPixComLimiteDiarioInsuficiente","#9 [CTA-012] Não deve realizar transferência por PIX com limite diário insuficiente","Não deve realizar transferência por PIX com limite diário insuficiente"
"passed","Fri Feb 20 20:31:46 UTC 2026","Fri Feb 20 20:31:51 UTC 2026","4398","","com.vemser.dbcbank.tests.transferenciaPix.PostTransferenciaPixTest","","com.vemser.dbcbank.tests.transferenciaPix.PostTransferenciaPixTest","testNaoDeveTransferirPixComDestinationKeyApenasEspacos","#9 [CTA-014] Não deve realizar transferência por PIX com destinationKey contendo apenas espaços","Não deve realizar transferência por PIX com destinationKey contendo apenas espaços"
"failed","Fri Feb 20 20:27:13 UTC 2026","Fri Feb 20 20:27:25 UTC 2026","11554","","#4 - Trocar senha [API] - POST","","com.vemser.dbcbank.tests.trocarSenha.PostTrocaSenhaTest","testNaoDeveAlterarSenhaComMenosDe8Caracteres","#4 [CTA-002] Tentar alterar senha informando uma nova senha com menos de 8 caracteres","Verifica se o sistema impede a alteração de senha quando informado uma nova senha com menos de 8 caracteres"
"passed","Fri Feb 20 20:31:59 UTC 2026","Fri Feb 20 20:31:59 UTC 2026","371","","com.vemser.dbcbank.tests.transferenciaPix.PostTransferenciaPixTest","","com.vemser.dbcbank.tests.transferenciaPix.PostTransferenciaPixTest","testNaoDeveTransferirPixSemToken","#9 [CTA-013] Não deve realizar transferência por PIX sem token","Não deve realizar transferência por PIX sem token"
"failed","Fri Feb 20 20:27:25 UTC 2026","Fri Feb 20 20:28:05 UTC 2026","39744","","com.vemser.dbcbank.tests.historicoTransacao.GetHistoricoTransacaoTest","","com.vemser.dbcbank.tests.historicoTransacao.GetHistoricoTransacaoTest","testDeveFiltrarHistoricoPorPageeSize","#11 [CTA-007] Validar paginação do histórico de transações","Verificar se é possível consultar o histórico de transações filtrando por page e size, utilizando um token válido."
"passed","Fri Feb 20 20:35:20 UTC 2026","Fri Feb 20 20:35:35 UTC 2026","14945","","#12 - Chave Pix [API] - Post","","com.vemser.dbcbank.tests.chavePix.PostChavePixTest","testNaoDevePermitirCadastroDeChavePixDuplicadaEmail","#12 [CTA-006]: Não permitir cadastro de chave Pix duplicada - Email","Não permitir cadastro de chave Pix duplicada (email)"
"passed","Fri Feb 20 20:32:30 UTC 2026","Fri Feb 20 20:32:37 UTC 2026","6717","","#3 - Recuperação de Senha [API] - POST","","com.vemser.dbcbank.tests.recuperarSenha.PostRecuperarSenhaTest","testNaoDeveRealizarRecuperacaoDeSenhaComTokenDeRecuperacaoValidoEComSenhaEConfirmacaoDeSenhaDiferentes","#3 [CTA-007] Não deve realizar recuperação de senha com token de recuperação válido e com senha e confirmação de senha diferentes","Verifica se o sistema impede a recuperação de senha quando a senha e confirmação de senha estão diferentes"
"passed","Fri Feb 20 20:17:55 UTC 2026","Fri Feb 20 20:17:58 UTC 2026","3340","","#8 - Transferência [API]","","com.vemser.dbcbank.tests.transferencia.TransferenciaTest","testNaoDeveTransferirForaHorarioComercial","#8 [CTA-006] Não deve realizar transferência fora do horário comercial","Valida o bloqueio de transferência fora do horário comercial"
"failed","Fri Feb 20 20:30:35 UTC 2026","Fri Feb 20 20:30:55 UTC 2026","19471","","com.vemser.dbcbank.tests.historicoTransacao.GetHistoricoTransacaoTest","","com.vemser.dbcbank.tests.historicoTransacao.GetHistoricoTransacaoTest","testDeveFiltrarHistoricoPorMetodoDeTransacao","#11 [CTA-006] Filtrar histórico por método de transação","Verificar se é possível consultar o histórico de transações filtrando por método de transação, utilizando um token válido."
"failed","Fri Feb 20 20:23:46 UTC 2026","Fri Feb 20 20:24:28 UTC 2026","41630","","#7 - Depósito [API] - POST","","com.vemser.dbcbank.tests.deposito.PostDepositoTest","testNaoDeveRealizarDepositoEmUmaContaQueNaoEstejaAssociadoAoUsuarioAutenticado","#7 [CTA-013] Não deve realizar depósito em uma conta que não esteja associada ao usuário autenticado","Verifica se a API valida se o usuário que está autenticado é o que está tentando realizar o depósito"
"passed","Fri Feb 20 20:31:26 UTC 2026","Fri Feb 20 20:31:28 UTC 2026","1721","","com.vemser.dbcbank.tests.transferenciaPix.PostTransferenciaPixTest","","com.vemser.dbcbank.tests.transferenciaPix.PostTransferenciaPixTest","testNaoDeveTransferirPixComValorZero","#9 [CTA-005] Não deve realizar transferência por PIX com valor zero","Não deve realizar transferência por PIX com valor zero"
"failed","Fri Feb 20 20:29:58 UTC 2026","Fri Feb 20 20:30:18 UTC 2026","19464","","com.vemser.dbcbank.tests.historicoTransacao.GetHistoricoTransacaoTest","","com.vemser.dbcbank.tests.historicoTransacao.GetHistoricoTransacaoTest","testDeveConsultarHistoricoEmUmUnicoDiaFiltrandoPorMetodo","#11 [CTA-009] Consultar transações realizadas em um único dia por método","Verificar se o usuário consegue consultar as transações realizadas em um único dia filtrando por método de transação, utilizando um token válido."
"passed","Fri Feb 20 20:31:28 UTC 2026","Fri Feb 20 20:31:32 UTC 2026","3873","","com.vemser.dbcbank.tests.transferenciaPix.PostTransferenciaPixTest","","com.vemser.dbcbank.tests.transferenciaPix.PostTransferenciaPixTest","testNaoDeveTransferirPixParaChaveInexistente","#9 [CTA-011] Não deve realizar transferência por PIX para chave pix inexistente","Não deve realizar transferência por PIX para chave pix inexistente"
"passed","Fri Feb 20 20:26:51 UTC 2026","Fri Feb 20 20:27:01 UTC 2026","10113","","#4 - Trocar senha [API] - POST","","com.vemser.dbcbank.tests.trocarSenha.PostTrocaSenhaTest","testNaoDeveAlterarSenhaComSenhaEConfirmacaoDiferentes","#4 [CTA-008]  Tentar alterar senha preenchendo a confirmação da nova senha de forma inválida","Verifica se o sistema impede a alteração de senha quando informado uma nova senha com formato inválido"
"passed","Fri Feb 20 20:33:29 UTC 2026","Fri Feb 20 20:33:30 UTC 2026","1145","","#2 - Login [API] - POST","","com.vemser.dbcbank.tests.login.PostLoginTest","testNaoDeveRealizarLoginComCPFNaoCadastrado","#2 [CTA-004] Não deve realizar login com CPF ainda não registrado no sistema","Verifica se o sistema não realiza login quando o CPF não está cadastrado no sistema"
"passed","Fri Feb 20 20:26:37 UTC 2026","Fri Feb 20 20:26:51 UTC 2026","13923","","#4 - Trocar senha [API] - POST","","com.vemser.dbcbank.tests.trocarSenha.PostTrocaSenhaTest","testNaoDeveAlterarSenhaSemInformarSenhaAtual","#4 [CTA-011] Tentar alterar senha sem informar a senha atual","Verifica se o sistema impede a alteração de senha sem informar a senha atual"
"passed","Fri Feb 20 20:26:25 UTC 2026","Fri Feb 20 20:26:37 UTC 2026","11604","","#4 - Trocar senha [API] - POST","","com.vemser.dbcbank.tests.trocarSenha.PostTrocaSenhaTest","testNaoDeveAlterarSenhaIgualAtual","#4 [CTA-006] Tentar alterar senha informando uma nova senha igual à senha atual","Verifica se o sistema impede a alteração de senha quando informado uma nova senha identica a atual"
"passed","Fri Feb 20 20:31:57 UTC 2026","Fri Feb 20 20:31:59 UTC 2026","1719","","com.vemser.dbcbank.tests.transferenciaPix.PostTransferenciaPixTest","","com.vemser.dbcbank.tests.transferenciaPix.PostTransferenciaPixTest","testNaoDeveTransferirPixComTransactionPwdInvalido","#9 [CTA-010] Não deve realizar transferência por PIX com transactionPwd inválido","Não deve realizar transferência por PIX com transactionPwd inválido"
"passed","Fri Feb 20 20:16:57 UTC 2026","Fri Feb 20 20:17:10 UTC 2026","12883","","#12 - Chave Pix [API] - Post","","com.vemser.dbcbank.tests.chavePix.PostChavePixTest","testDeveCriarChavePixCpfComSucesso","#12 [CTA-002]: Criar chave Pix por CPF com sucesso","Deve criar chave Pix do tipo CPF com sucesso"
"passed","Fri Feb 20 20:35:09 UTC 2026","Fri Feb 20 20:35:20 UTC 2026","10599","","#12 - Chave Pix [API] - Post","","com.vemser.dbcbank.tests.chavePix.PostChavePixTest","testNaoDevePermitirCadastroDeChavePixComEmailInvalido","#12 [CTA-009]: Não permitir cadastro de chave Pix com email inválido","Não permitir cadastro de chave Pix com email inválido (na prática: tipo inválido)"
"failed","Fri Feb 20 20:29:29 UTC 2026","Fri Feb 20 20:29:58 UTC 2026","29565","","com.vemser.dbcbank.tests.historicoTransacao.GetHistoricoTransacaoTest","","com.vemser.dbcbank.tests.historicoTransacao.GetHistoricoTransacaoTest","testDeveValidarContratoCadaTransacao","#11 [CTA-002] Validar contrato de cada transação retornada","Verifica se todas as transações na lista possuem a estrutura de campos obrigatória."
"failed","Fri Feb 20 20:15:01 UTC 2026","Fri Feb 20 20:15:02 UTC 2026","854","","#10 - Limite de transações [API] - POST","","com.vemser.dbcbank.tests.limiteTransacoes.PostLimiteTransacaoTest","testNaoDeveAlterarLimiteDiarioComPayloadInvalido","#10 [CTA-007] Alterar limite com payload inválido","O objetivo deste teste é verificar se o sistema retorna um erro adequado ao tentar alterar o limite diário de transações com um payload inválido, garantindo a robustez e a validação correta dos dados de entrada."
"passed","Fri Feb 20 20:32:41 UTC 2026","Fri Feb 20 20:32:41 UTC 2026","377","","#2 - Login [API] - POST","","com.vemser.dbcbank.tests.login.PostLoginTest","testNaoDeveRealizarLoginComCPFInvalido","#2 [CTA-003] Não deve realizar login com CPF inválido","Verifica se o sistema impede o login com CPF invalido"
"passed","Fri Feb 20 20:31:32 UTC 2026","Fri Feb 20 20:31:33 UTC 2026","1715","","com.vemser.dbcbank.tests.transferenciaPix.PostTransferenciaPixTest","","com.vemser.dbcbank.tests.transferenciaPix.PostTransferenciaPixTest","testNaoDeveTransferirPixComAmountMuitasCasasDecimais","#9 [CTA-004] Não deve realizar transferência por PIX com amount decimal com muitas casas","Não deve realizar transferência por PIX com amount decimal com muitas casas"
"passed","Fri Feb 20 20:32:41 UTC 2026","Fri Feb 20 20:32:52 UTC 2026","10624","","#2 - Login [API] - POST","","com.vemser.dbcbank.tests.login.PostLoginTest","testNaoDeveRealizarLoginComSenhaIncorreta","#2 [CTA-002] Não deve realizar login com senha incorreta","Verifica se o sistema não realiza login quando a senha está incorreta"
"passed","Fri Feb 20 20:22:37 UTC 2026","Fri Feb 20 20:23:50 UTC 2026","72812","","#10 - Limite de Transações [WEB]","","","","#10 [CTW-002] Manter limite configurado após novo login","Valida que o novo limite se mantém após novo login"
"broken","","","","","deposito.cy.js","","","","Oops...we found an error preparing this test file: deposito.cy.js",""
"broken","","","","","trocarSenha.cy.js","","","","Oops...we found an error preparing this test file: trocarSenha.cy.js",""
"passed","Fri Feb 20 20:27:09 UTC 2026","Fri Feb 20 20:27:19 UTC 2026","9930","","#1 - Abrir Conta [WEB]","","","","#1 [CTW-003] Não deve abrir conta com CPF, email e telefone já cadastrados em outra conta","Deve impedir cadastro com dados duplicados"
"passed","Fri Feb 20 20:18:47 UTC 2026","Fri Feb 20 20:19:25 UTC 2026","38032","","#12 - Chave PIX [WEB]","","","","#12 [CTW-003] Deve criar chave Pix Telefone","Validar a criação de chave pix com tipo Telefone, garantindo que o processo seja concluído com sucesso e a chave seja exibida corretamente na lista de chaves do cliente."
"passed","Fri Feb 20 20:26:35 UTC 2026","Fri Feb 20 20:26:45 UTC 2026","10321","","#1 - Abrir Conta [WEB]","","","","#1 [CTW-001] Deve realizar cadastro completo com sucesso","Deve realizar o cadastro completo com sucesso"
"broken","","","","","transferencia.cy.js","","","","Oops...we found an error preparing this test file: transferencia.cy.js",""
"passed","Fri Feb 20 20:25:14 UTC 2026","Fri Feb 20 20:25:15 UTC 2026","553","","#2 - Login [WEB]","","","","#2 [CTW-004] Deve exibir mensagem de erro quando o CPF não for preenchido","Deve exibir mensagem de erro quando o CPF não for preenchido"
"failed","Fri Feb 20 20:20:59 UTC 2026","Fri Feb 20 20:21:51 UTC 2026","51571","","#7 - Deposito [WEB]","","","","#7 [CTW-003] Deve redirecionar o usuário para a tela de sucesso ao realizar o depósito","Valida se os dados do destinatário estão aparecendo antes do final da transação"
"broken","","","","","transferencia.cy.js","","","","Oops...we found an error preparing this test file: transferencia.cy.js",""
"passed","Fri Feb 20 20:26:22 UTC 2026","Fri Feb 20 20:26:29 UTC 2026","7674","","#3 -Recuperação de Senha [WEB]","","","","#3 [CTW-001] Deve realizar o envio de recuperação de senha para e-mail válido","Deve realizar o envio de recuperação de senha para e-mail válido"
"passed","Fri Feb 20 20:23:50 UTC 2026","Fri Feb 20 20:24:08 UTC 2026","18618","","#10 - Limite de Transações [WEB]","","","","#10 [CTW-004] Ir para a tela de Área Financeira através do menu lateral","Valida que é possível navegar até a Área Financeira pelo menu lateral"
"passed","Fri Feb 20 20:19:25 UTC 2026","Fri Feb 20 20:20:08 UTC 2026","42890","","#12 - Chave PIX [WEB]","","","","#12 [CTW-004] Deve criar chave Pix Aleatória","Validar a criação de chave pix com tipo Aleatória, garantindo que o processo seja concluído com sucesso e a chave seja exibida corretamente na lista de chaves do cliente."
"passed","Fri Feb 20 20:25:13 UTC 2026","Fri Feb 20 20:25:13 UTC 2026","637","","#2 - Login [WEB]","","","","#2 [CTW-002] Não deve liberar o botão de entrar se o campo cpf estiver vazio","Valida que o botão de entrar não é habilitado quando o campo cpf está vazio"
"broken","","","","","login.cy.js","","","","Oops...we found an error preparing this test file: login.cy.js",""
"failed","Fri Feb 20 20:26:45 UTC 2026","Fri Feb 20 20:27:09 UTC 2026","24161","","#1 - Abrir Conta [WEB]","","","","#1 [CTW-002] Deve impedir cadastro sem aceite dos termos","Deve impedir cadastro sem aceite dos termos"
"failed","Fri Feb 20 20:25:15 UTC 2026","Fri Feb 20 20:26:16 UTC 2026","61159","","#2 - Login [WEB]","","","","#2 [CTW-006] Deve retornar um Feedback se o CPF editado não estiver registrado no sistema","Retornar um Feedback se o CPF editado não estiver registrado no sistema"
"passed","Fri Feb 20 20:18:19 UTC 2026","Fri Feb 20 20:18:47 UTC 2026","27550","","#12 - Chave PIX [WEB]","","","","#12 [CTW-002] Deve criar chave Pix E-mail","Validar a criação de chave pix com tipo E-mail, garantindo que o processo seja concluído com sucesso e a chave seja exibida corretamente na lista de chaves do cliente."
"failed","Fri Feb 20 20:17:40 UTC 2026","Fri Feb 20 20:18:19 UTC 2026","38670","","#12 - Chave PIX [WEB]","","","","#12 [CTW-001] Deve criar chave Pix CPF","Validar a criação de chave pix com tipo CPF, garantindo que o processo seja concluído com sucesso e a chave seja exibida corretamente na lista de chaves do cliente."
"broken","","","","","transferencia.cy.js","","","","Oops...we found an error preparing this test file: transferencia.cy.js",""
"passed","Fri Feb 20 20:28:13 UTC 2026","Fri Feb 20 20:28:51 UTC 2026","37661","","#9 - Transferência PIX [WEB]","","","","#9 [CTW-006] Não deve confirmar a transferência com senha incompleta",""
"passed","Fri Feb 20 20:21:54 UTC 2026","Fri Feb 20 20:22:37 UTC 2026","42843","","#10 - Limite de Transações [WEB]","","","","#10 [CTW-001] Alterar limite diário com sucesso (fluxo feliz)","Valida o fluxo do usuário do login até a personalização do limite diário de transações"
"passed","Fri Feb 20 20:29:24 UTC 2026","Fri Feb 20 20:29:37 UTC 2026","12996","","#4 - Troca de Senha [WEB]","","","","#4 [CTW-002] Tentar alterar senha sem informar a senha atual","Deve impedir a troca de senha sem informar a senha atual"
"skipped","Fri Feb 20 20:28:13 UTC 2026","Fri Feb 20 20:28:13 UTC 2026","1","","#9 - Transferência PIX [WEB]","","","","#9 [CTW-004] Não deve permitir continuar com valor maior que o saldo disponível",""
"failed","Fri Feb 20 20:27:57 UTC 2026","Fri Feb 20 20:28:13 UTC 2026","15832","","#9 - Transferência PIX [WEB]","","","","#9 [CTW-003] Não deve avançar para revisão sem informar a chave pix",""
"passed","Fri Feb 20 20:20:44 UTC 2026","Fri Feb 20 20:20:59 UTC 2026","15228","","#7 - Deposito [WEB]","","","","#7 [CTW-001] Deve exibir os dados do destinatário antes da confirmação final da transação","Valida se os dados do destinatário estão aparecendo antes do final da transação"
"failed","Fri Feb 20 20:20:08 UTC 2026","Fri Feb 20 20:20:41 UTC 2026","32627","","#12 - Chave PIX [WEB]","","","","#12 [CTW-005] Deve excluir chave Pix (primeira da lista)","Validar a exclusão de uma chave pix, garantindo que o processo seja concluído com sucesso e a chave seja removida da lista de chaves do cliente."
"broken","","","","","chavepix.cy.js","","","","Oops...we found an error preparing this test file: chavepix.cy.js",""
"passed","Fri Feb 20 20:25:15 UTC 2026","Fri Feb 20 20:25:15 UTC 2026","422","","#2 - Login [WEB]","","","","#2 [CTW-005] Deve mostrar um aviso de campo obrigatório se a senha não for digitada","Valida que o botão de entrar não é habilitado quando o campo senha está vazio"
"failed","Fri Feb 20 20:24:11 UTC 2026","Fri Feb 20 20:25:13 UTC 2026","61404","","#2 - Login [WEB]","","","","#2 [CTW-001] Deve redirecionar usuário para tela inicial ao fazer login","Deve redirecionar usuário para tela inicial ao fazer login"
"passed","Fri Feb 20 20:29:05 UTC 2026","Fri Feb 20 20:29:24 UTC 2026","18264","","#4 - Troca de Senha [WEB]","","","","#4 [CTW-001] Alterar senha com sucesso seguindo todos os critérios","Deve realizar a troca de senha com sucesso seguindo todos os critérios"
"passed","Fri Feb 20 20:29:37 UTC 2026","Fri Feb 20 20:29:53 UTC 2026","16579","","#4 - Troca de Senha [WEB]","","","","#4 [CTW-003] Tentar alterar senha informando senha atual incorreta","Deve impedir a troca de senha informando senha atual incorreta"
"broken","","","","","limiteTransacoes.cy.js","","","","Oops...we found an error preparing this test file: limiteTransacoes.cy.js",""
"passed","Fri Feb 20 20:27:25 UTC 2026","Fri Feb 20 20:27:57 UTC 2026","31977","","#9 - Transferência PIX [WEB]","","","","#9 [CTW-001] Deve exibir os dados do destinatário na revisão antes da confirmação final",""
"passed","Fri Feb 20 20:25:13 UTC 2026","Fri Feb 20 20:25:14 UTC 2026","578","","#2 - Login [WEB]","","","","#2 [CTW-003] Não deve liberar o botão de entrar se o campo senha estiver vazio","Valida que o botão de entrar não é habilitado quando o campo senha está vazio"
"broken","","","","","transferirPix.cy.js","","","","Oops...we found an error preparing this test file: transferirPix.cy.js",""
